article_id,citations_year_1_exact,citations_year_2_exact,citations_first_2y_exact
W2790329997,18,37,55
W3095638759,50,119,169
W3002479026,122,104,226
W2792040353,14,33,47
W3035993398,67,117,184
W3156629428,47,57,104
W3021404478,3,22,25
W2899925677,7,21,28
W3208386427,18,53,71
W3202470152,32,70,102
W2911189668,7,22,29
W2791767244,4,16,20
W3187077618,19,37,56
W2799878667,20,30,50
W3046623091,13,28,41
W3010323725,7,27,34
W3002630908,80,47,127
W2912851480,6,19,25
W4211017947,89,200,289
W3185137361,62,151,213
W3199557694,45,108,153
W2945642553,26,81,107
W2993667053,1,3,4
W4413783405,3,0,3
W3014670187,0,0,0
W4309472115,2,1,3
W4413271797,2,0,2
W4404100904,3,0,3
W4407929856,2,0,2
W4412568338,0,0,0
W4414158430,0,0,0
W4416960542,0,0,0
W4417172214,0,0,0
W2980798923,30,108,138
W3135664743,36,113,149
W2913953424,11,57,68
W3155336766,65,93,158
W3034731061,113,137,250
W3000487497,27,44,71
W3046790002,76,120,196
W4210522281,56,100,156
W2809367743,19,24,43
W3084086363,128,86,214
W3043476650,19,60,79
W3106596460,9,33,42
W4317612782,19,53,72
W2955692323,8,27,35
W2819066463,8,14,22
W3104987825,11,19,30
W2895008079,6,15,21
W4210647038,9,30,39
W4223640201,15,25,40
W53229177,8,4,12
W4388513244,19,43,62
W4320004711,10,28,38
W2902105002,2,7,9
W3025381929,7,8,15
W3128348971,4,11,15
W2938163888,1,7,8
W3175061140,9,13,22
W2887976889,1,9,10
W4367183371,10,9,19
W4226514825,2,3,5
W3047420215,11,25,36
W3111297976,0,0,0
W3197841408,0,0,0
W2800720856,15,60,75
W3044121320,12,35,47
W2999616190,18,30,48
W2809408555,2,8,10
W2941454126,10,11,21
W2995326441,5,22,27
W4212812143,6,29,35
W3185048752,8,10,18
W2962838148,3,7,10
W3104530211,9,6,15
W2792023569,4,6,10
W3210083655,4,27,31
W2904236185,1,6,7
W3014876572,1,6,7
W3118453831,2,8,10
W3135994899,5,8,13
W3003713250,1,6,7
W3105914481,1,6,7
W4389092833,6,13,19
W3113353180,0,9,9
W4353065287,1,9,10
W4382197419,3,5,8
W4391744348,4,14,18
W3216348229,1,6,7
W4401928115,5,5,10
W4399328071,3,6,9
W2915058042,2,9,11
W2999753387,1,1,2
W2887956858,1,4,5
W2982103400,3,10,13
W3083059538,3,2,5
W4220845615,5,9,14
W2938155213,2,1,3
W4285676306,7,8,15
W3087622136,0,4,4
W3088893507,0,2,2
W3193819449,1,4,5
W4224936410,5,5,10
W2792560235,3,6,9
W4288084502,2,5,7
W2951363837,1,5,6
W4380202445,0,8,8
W2897686303,2,3,5
W4385679015,2,6,8
W4393210965,2,10,12
W4285494398,0,3,3
W4307574221,1,3,4
W4386954546,0,3,3
W4392438800,3,3,6
W3092706838,0,2,2
W3109608912,0,1,1
W4386832586,1,2,3
W4396691583,2,3,5
W4392094436,1,2,3
W4408712587,4,0,4
W4396662524,2,1,3
W4406593836,1,1,2
W4389824972,0,0,0
W4416385408,1,0,1
W2794081146,6,2,8
W3199208220,5,0,5
W2891517203,0,1,1
W2917097452,4,1,5
W3178952143,0,0,0
W2908916470,1,3,4
W2948188879,2,2,4
W2782719449,2,3,5
W2897492098,3,3,6
W3033790928,2,1,3
W3195631697,1,1,2
W4387989440,2,3,5
W3174963908,0,2,2
W4388680992,3,2,5
W2896142853,1,1,2
W3088313550,0,0,0
W4402230255,1,1,2
W2955332885,1,0,1
W3083656464,0,0,0
W2904403745,1,1,2
W2970543632,0,0,0
W2805475395,0,1,1
W3134721054,0,1,1
W2921183946,0,0,0
W2887754577,0,0,0
W3118913060,0,0,0
W3129556586,0,0,0
W4396662719,0,0,0
W4403735215,0,0,0
W4405653809,0,0,0
W4413384643,0,0,0
W4415515713,0,0,0
W2887614386,96,290,386
W3027710877,158,310,468
W2939364935,75,201,276
W3164646544,91,227,318
W3132344615,88,182,270
W4379141752,191,314,505
W2810845233,55,127,182
W2794026322,41,75,116
W2783868804,47,80,127
W3121894891,50,87,137
W3202510580,33,75,108
W3165145178,78,93,171
W3079915060,37,85,122
W4320709593,95,114,209
W3027182864,61,62,123
W2800227084,7,43,50
W3199781400,45,77,122
W3115889865,25,47,72
W3120805833,22,70,92
W3015355998,52,91,143
W3000355687,21,79,100
W3112169905,38,61,99
W3082466097,25,48,73
W2794855262,11,17,28
W2787056864,7,27,34
W3194103487,12,36,48
W2898034033,5,14,19
W3111628121,23,21,44
W2884597352,13,18,31
W2894867854,8,17,25
W3004912775,8,16,24
W2808018527,7,8,15
W2807883872,6,16,22
W2914218540,3,14,17
W2947637466,6,11,17
W2941118999,8,13,21
W3138298066,14,18,32
W2904428292,5,7,12
W2905633079,3,4,7
W2906293461,1,4,5
W2892194064,0,7,7
W2935882959,4,5,9
W3048800695,3,3,6
W2952269345,2,1,3
W4394934392,1,5,6
W3005096260,2,4,6
W2974352046,0,3,3
W4315621382,1,2,3
W4213336009,0,3,3
W3201538360,3,0,3
W4221020008,0,0,0
W3196375261,30,113,143
W3135705482,40,94,134
W2893311698,3,17,20
W3206706771,20,55,75
W3089203402,7,30,37
W2954141634,12,35,47
W4316464889,34,67,101
W2894867854,8,17,25
W4213187198,29,40,69
W2985829986,10,20,30
W3170687972,16,20,36
W4386713820,29,35,64
W2947294918,4,22,26
W2792092344,7,12,19
W3204341673,11,18,29
W3153681254,4,19,23
W3203659197,5,14,19
W4220984798,9,24,33
W3082570636,7,12,19
W2906601935,7,5,12
W3169153826,11,14,25
W2942708618,5,7,12
W2803307850,3,5,8
W3007882797,7,8,15
W3105174717,6,13,19
W3100208812,4,8,12
W4221048141,7,13,20
W3047094998,1,6,7
W4224268080,4,10,14
W4294042769,14,11,25
W3004103484,41,61,102
W2799888831,14,37,51
W4313826145,66,180,246
W3002291039,9,33,42
W4212999574,6,28,34
W3080442490,11,12,23
W3166940432,8,24,32
W2910359053,1,7,8
W2955811376,1,6,7
W2954950083,6,8,14
W2874314288,0,6,6
W4281383045,2,14,16
W2985246869,3,6,9
W4393199006,19,26,45
W2807334829,2,2,4
W2901728515,0,3,3
W2921370858,5,7,12
W4384557413,10,15,25
W4380990085,6,13,19
W4404726991,8,18,26
W4206169884,0,3,3
W4206133561,1,8,9
W4282920926,0,1,1
W2806277506,3,3,6
W2885480103,2,1,3
W2914490130,2,1,3
W4238487483,0,7,7
W2943960172,2,8,10
W3130416631,5,7,12
W2804094548,2,1,3
W2790858493,1,2,3
W2999269041,5,2,7
W2889448944,3,3,6
W3026085232,3,11,14
W3119300158,3,5,8
W2963648586,3,11,14
W3017242165,4,4,8
W3127970642,2,7,9
W3143148242,4,4,8
W4210886202,4,10,14
W3167556499,1,7,8
W4378070202,150,265,415
W3044067219,38,59,97
W2988837284,19,64,83
W2806993282,15,24,39
W4293770982,42,96,138
W4221041604,28,75,103
W2897830120,11,28,39
W2897459387,7,28,35
W3103173649,12,33,45
W3160019526,15,27,42
W2901529854,6,12,18
W3047161383,17,25,42
W3000834351,6,13,19
W2807894597,7,8,15
W4404692346,40,44,84
W3098001326,3,21,24
W2895888243,2,7,9
W3088292389,10,17,27
W2990272218,53,146,199
W2896303451,23,62,85
W2995631322,27,93,120
W4200084972,43,106,149
W2802951056,17,31,48
W3083910680,30,54,84
W3164641649,41,72,113
W2942941363,10,34,44
W3047322504,28,50,78
W2911071331,10,22,32
W2904710350,7,22,29
W3012137949,5,26,31
W2808816276,8,16,24
W2913341777,6,18,24
W2991426639,11,21,32
W3011202783,9,20,29
W3194080861,2,16,18
W2971410101,2,8,10
W2799381382,4,13,17
W2800827317,6,12,18
W4308341370,9,6,15
W3010818447,5,9,14
W3093276570,1,6,7
W3093329998,0,4,4
W4389490598,3,16,19
W4319440893,5,8,13
W4283462037,2,9,11
W4293321339,2,4,6
W4401670091,5,9,14
W4396939053,2,5,7
W3095660270,8,13,21
W2917292254,0,2,2
W2989923037,7,8,15
W3011904401,5,4,9
W3108914021,7,9,16
W3083157755,8,8,16
W3100880091,6,8,14
W2885471089,1,11,12
W2788961991,2,4,6
W2889286660,0,8,8
W3016410151,37,76,113
W2937245784,12,31,43
W4200189258,29,50,79
W2963046423,12,35,47
W4205766186,31,38,69
W2915119646,3,11,14
W2793154560,12,21,33
W2784774344,14,15,29
W2913793637,8,21,29
W2963929228,13,36,49
W2896533596,7,18,25
W2900762485,8,19,27
W2933884870,9,14,23
W2781475597,4,15,19
W3049229825,7,21,28
W2972948364,4,15,19
W2906774058,3,8,11
W2789587000,5,11,16
W2793556912,7,8,15
W2843845732,4,7,11
W2901794313,4,5,9
W2911944766,1,9,10
W2946681131,5,13,18
W2945802405,4,11,15
W3116675460,4,13,17
W3135515730,4,18,22
W2912399291,3,12,15
W2883310173,1,6,7
W2794847892,2,9,11
W2908481466,4,4,8
W3028500698,7,5,12
W2950606190,2,5,7
W3034755390,2,12,14
W3129342457,5,8,13
W4320917998,5,15,20
W4313644978,10,5,15
W3009700384,2,5,7
W4389092828,3,15,18
W4382361811,4,7,11
W3026586217,1,3,4
W4391691501,3,10,13
W2993130158,0,1,1
W4224258010,0,2,2
W4286457294,1,2,3
W4403110258,1,6,7
W4407269415,5,2,7
W4411507326,3,0,3
W2981963669,0,0,0
W2803908288,5,8,13
W2949694062,4,11,15
W2921295334,2,4,6
W2802677236,5,5,10
W3026389025,1,3,4
W2804704791,1,4,5
W2901208279,2,6,8
W3000910201,3,5,8
W2793639001,3,7,10
W3182771507,1,6,7
W4210469547,3,7,10
W2909660731,3,1,4
W3190596346,3,5,8
W4205896664,3,8,11
W2800162358,1,1,2
W2911705781,0,2,2
W4382536746,2,11,13
W4401429790,8,8,16
W2801896212,3,4,7
W4319459548,5,4,9
W3166420679,134,310,444
W2969592549,28,70,98
W2807448259,7,46,53
W2974097001,17,46,63
W3028476056,10,31,41
W3104274306,12,36,48
W2898882281,3,8,11
W4293577608,1,18,19
W4403649905,28,18,46
W4403231445,5,10,15
W4391423483,6,6,12
W2795092029,5,5,10
W2972577164,4,10,14
W3168985624,5,8,13
W4249841823,4,1,5
W3094107855,2,7,9
W3134843510,6,4,10
W4393232397,4,1,5
W4243736153,0,0,0
W3138571393,1,0,1
W2989690973,1,1,2
W4387294662,1,1,2
W1566569107,1,0,1
W2792620322,0,1,1
W4394506950,0,0,0
W3129092892,10,9,19
W3092357636,7,40,47
W4387782520,31,91,122
W2883365843,6,19,25
W3025185077,9,32,41
W3005085880,4,16,20
W2809515086,10,10,20
W2945245214,5,16,21
W3015507228,9,18,27
W2991397787,6,19,25
W2903967258,1,8,9
W3001460233,8,19,27
W3002296830,5,20,25
W3193538315,6,12,18
W3135018621,7,17,24
W3127334485,9,23,32
W2895888243,2,7,9
W3093054700,11,17,28
W4394782964,20,49,69
W2991107927,1,4,5
W3167308845,7,13,20
W2943628665,5,6,11
W4308454272,8,11,19
W3014308432,6,5,11
W3198294246,3,8,11
W2964654484,3,2,5
W4389695050,9,21,30
W4226210169,5,12,17
W4282958838,7,8,15
W4384071941,4,10,14
W4379057308,1,6,7
W4409357555,10,0,10
W4410325138,10,0,10
W3006315066,4,5,9
W3207567100,13,4,17
W3016704084,4,6,10
W4282584385,8,6,14
W4288452502,4,9,13
W2804798431,5,7,12
W3201458092,6,0,6
W3174253403,2,2,4
W4321458544,3,5,8
W4386541586,3,3,6
W4288535917,1,2,3
W3199618134,1,2,3
W4402657645,4,4,8
W4406630120,5,1,6
W4381889690,4,1,5
W4405063181,1,2,3
W4412071411,2,0,2
W4415686984,1,0,1
W3047789488,0,5,5
W3089238787,1,4,5
W3196997589,2,5,7
W4296480766,3,3,6
W2893927890,0,0,0
W4281747699,1,1,2
W4411250269,2,0,2
W2793832183,1,2,3
W4297227001,1,3,4
W3081803740,1,1,2
W4200511627,1,2,3
W4288757705,0,0,0
W4386351440,0,1,1
W2892290803,1,0,1
W4404619714,1,0,1
W4315784988,0,2,2
W4393502051,0,0,0
W4210528581,0,0,0
W4402143231,0,1,1
W2975238267,0,0,0
W3020681693,0,0,0
W3111588491,0,0,0
W3131472991,0,0,0
W3169885039,0,0,0
W3179717788,0,0,0
W3186717101,0,0,0
W3213936683,0,0,0
W4200488425,0,0,0
W4205651939,0,0,0
W4206468116,0,0,0
W4206560584,0,0,0
W4212998729,0,0,0
W4213188014,0,0,0
W4213252732,0,0,0
W4242998680,0,0,0
W4297360025,0,0,0
W4310610544,0,0,0
W4310616569,0,0,0
W4311225606,0,0,0
W4311254167,0,0,0
W4393625710,0,0,0
W4394024683,0,0,0
W4394042000,0,0,0
W4400185684,0,0,0
W4406696857,0,0,0
W4408423159,0,0,0
W4408423322,0,0,0
W4408438608,0,0,0
W4408439567,0,0,0
W4408441308,0,0,0
W4408441506,0,0,0
W4408485582,0,0,0
W4412456515,0,0,0
W4413011332,0,0,0
W4416265461,0,0,0
W4416690571,0,0,0
W7139013403,0,0,0
W2903238415,12,53,65
W4210576962,64,126,190
W4388591250,75,287,362
W3031712651,16,47,63
W4376133321,57,139,196
W2899508628,5,15,20
W4294636548,18,41,59
W2794271440,6,13,19
W2801916382,5,7,12
W3111309371,4,13,17
W4300427316,5,19,24
W2987965517,1,7,8
W4226328692,4,10,14
W4311242120,4,5,9
W2968492417,0,4,4
W4391445535,2,10,12
W3004056508,1,5,6
W3118482668,2,5,7
W3084426055,6,17,23
W2883335943,5,14,19
W3117376253,10,22,32
W3032980049,15,24,39
W3135345318,22,37,59
W2911292468,15,18,33
W3112186348,7,28,35
W4289519698,15,32,47
W2901037436,5,9,14
W3089681736,3,23,26
W3091883731,5,16,21
W2793653960,2,5,7
W3108359246,5,14,19
W2804098144,1,2,3
W3037450351,4,12,16
W2981747770,6,16,22
W2792701215,1,6,7
W2992177798,1,14,15
W3132119234,5,12,17
W2970893163,2,9,11
W3128761526,7,8,15
W2991376923,8,13,21
W4393210638,7,15,22
W4386764732,1,13,14
W4394806261,10,13,23
W4387645724,0,7,7
W4415293539,10,0,10
W4403102321,2,5,7
W2990509330,6,10,16
W2891356706,7,8,15
W2898037577,5,6,11
W3008457011,3,10,13
W2792372022,5,2,7
W3000654271,12,6,18
W2957930526,2,7,9
W2970880722,5,5,10
W2889419388,0,10,10
W2931720389,4,5,9
W2897095465,5,4,9
W3157038034,4,12,16
W2982205573,3,7,10
W2994645587,3,5,8
W3110355496,3,6,9
W3110372574,2,6,8
W3002800149,4,9,13
W3148723980,5,7,12
W2791117521,3,5,8
W3161090736,2,5,7
W3213414507,0,2,2
W3030781873,5,4,9
W4296445820,4,4,8
W2962917435,0,4,4
W3174716876,3,5,8
W2936471335,2,2,4
W4221062451,5,9,14
W3004884486,2,5,7
W3000235265,1,3,4
W4320205593,2,5,7
W3206674196,0,1,1
W4312138180,2,6,8
W4386237785,3,8,11
W4376870291,0,5,5
W4403120855,8,3,11
W3147129162,0,4,4
W4283032919,0,4,4
W4387645721,0,8,8
W3045864443,1,4,5
W4205127460,2,1,3
W4388361421,1,6,7
W3082449468,0,1,1
W3204958672,0,0,0
W2803795255,6,8,14
W2991483588,7,21,28
W2883043045,2,19,21
W3047132972,11,16,27
W2902821147,9,7,16
W2961300642,2,12,14
W3158098044,5,17,22
W3129927893,10,7,17
W3080658254,2,10,12
W4392345796,6,21,27
W4226385219,6,6,12
W2900596031,2,7,9
W2945015578,0,8,8
W3036835703,0,8,8
W3005798041,4,7,11
W3009268949,1,5,6
W2918271095,2,7,9
W3141949678,0,8,8
W4307092555,4,3,7
W4379966339,1,5,6
W4298232786,0,0,0
W2909678677,578,1056,1634
W2895932308,176,323,499
W2912842935,194,435,629
W2788399735,30,92,122
W3084261954,105,167,272
W3120805833,22,70,92
W3015355998,52,91,143
W3007722773,25,59,84
W2804166887,17,30,47
W3009255960,25,73,98
W2959655143,15,41,56
W2805134523,3,9,12
W2939637759,10,22,32
W3112324415,14,20,34
W3205733568,11,19,30
W2792577625,8,8,16
W3011384873,11,17,28
W2800270984,4,16,20
W2898640596,5,13,18
W3170687972,16,20,36
W2995927230,7,9,16
W4395695576,34,61,95
W2806597393,4,17,21
W3024854497,4,11,15
W2886235251,2,5,7
W3005885965,8,22,30
W3189077708,7,16,23
W2781763066,3,10,13
W3043576974,10,7,17
W2896707552,3,5,8
W2970198497,7,10,17
W4390968015,17,23,40
W2944228173,4,5,9
W4281618598,6,16,22
W3130980590,2,6,8
W4392150887,6,21,27
W4327704359,5,12,17
W4313895256,2,7,9
W4405431389,15,1,16
W4403304485,9,6,15
W4412192291,8,0,8
W4393377934,1,2,3
W2899542509,3,15,18
W2807298932,2,5,7
W2906771000,5,6,11
W2886753370,2,3,5
W2926947163,0,2,2
W3205894988,6,8,14
W2792032460,3,3,6
W2906569072,1,1,2
W2985475101,1,12,13
W3022956839,2,6,8
W3031976173,4,2,6
W4385484027,9,8,17
W3117972062,11,1,12
W3184150716,4,3,7
W3101006606,3,5,8
W3170484543,2,6,8
W3213905105,5,7,12
W4297842326,1,5,6
W4387142202,8,5,13
W3160223674,2,2,4
W4313585868,1,3,4
W4386980393,6,7,13
W4400346616,10,6,16
W4400872529,9,7,16
W4403420176,11,3,14
W2990572166,3,2,5
W3160365795,2,3,5
W3214485377,2,1,3
W4213111911,0,4,4
W4403014857,7,7,14
W3133530885,0,3,3
W4385276957,3,5,8
W4311647901,1,1,2
W4405745024,0,2,2
W2793657315,2,4,6
W2784517883,4,2,6
W4401010491,4,4,8
W4387054868,0,3,3
W4382049678,1,2,3
W4391401165,1,2,3
W4403453988,4,1,5
W4403688212,4,0,4
W4390840499,1,2,3
W4406254218,2,0,2
W4407235310,1,1,2
W4411625979,1,0,1
W4416914040,1,0,1
W4251994522,1,1,2
W2971750099,0,1,1
W3134492929,0,0,0
W2895334373,2,0,2
W3017521093,1,2,3
W4237873524,0,0,0
W2950318968,0,1,1
W4285261832,0,0,0
W4311666142,0,0,0
W4366596915,0,1,1
W4403097737,1,0,1
W4405939605,1,0,1
W4405979644,1,0,1
W4407399456,1,0,1
W4410968834,1,0,1
W4411186113,1,0,1
W4413033469,1,0,1
W4285796133,0,0,0
W4386525015,0,1,1
W2911949591,0,0,0
W2959316156,1,0,1
W2911642034,0,0,0
W3002479026,122,104,226
W4240058343,0,26,26
W2799878667,20,30,50
W3002630908,80,47,127
W4245759706,3,50,53
W4243679046,24,45,69
W3035498951,92,49,141
W4255850124,12,20,32
W4246404983,4,24,28
W2819519685,0,22,22
W4254311546,30,37,67
W4220658517,21,30,51
W4243091587,0,30,30
W2813132695,0,22,22
W4213322979,20,17,37
W3091788256,0,9,9
W2858615040,0,23,23
W2913626996,5,21,26
W2875963462,0,20,20
W2939831515,2,12,14
W3133556021,24,13,37
W4386323046,37,43,80
W4319161996,23,39,62
W2858539905,1,22,23
W4206532816,5,31,36
W4206182351,7,31,38
W4386964211,31,36,67
W4234194974,0,3,3
