authfull,inst_name,country,num_papers,total_cites,h_index,hm_index,num_papers_single+first+last,total_cites_single+first+last,composite_score,num_distinct_citing_papers,self_citation_percentage,rank_in_subfield,num_scientists_in_subfield,OP_id,ORCID_match_status
"Lal, Rattan A.",The Ohio State University,usa,1339,10340,43,32.16827597172968,841,6997,4.973028294432613,7047,0.0551,1,88035,A5049890100,2
"KUZYAKOV, Yakov V.",Georg-August-Universität Göttingen,deu,879,10786,47,24.98213133271955,440,6238,4.543623523028185,6576,0.1336,2,88035,A5062508940,2
"Smith, Pete",University of Aberdeen,gbr,697,10543,50,20.9310528947309,281,3205,4.44957538253124,7967,0.0625,3,88035,https://openalex.org/A5028843362,22
"Lehmann, Johannes C.",Institute for Advanced Study of Technical University of Munich,deu,361,8693,44,17.50647019245931,166,4256,4.441514249909753,5650,0.0418,4,88035,https://openalex.org/A5042699954,21
"Jones, Davey Leonard",Bangor University,gbr,718,6331,38,16.46694064895677,400,3183,4.12973492494053,5026,0.0953,5,88035,https://openalex.org/A5064381910,21
"Cakmak, Ismail",Sabancı Üniversitesi,tur,255,2453,22,14.29010660392239,141,1734,4.021745656990883,1604,0.0583,6,88035,https://openalex.org/A5065205022,1
"Kógel-Knabner, Ingrid",Technische Universität München,deu,373,4305,27,13.85600568014361,251,2299,3.97726949653667,2914,0.0609,7,88035,https://openalex.org/A5025732296,1
"Schimel, Joshua P.","University of California, Santa Barbara",usa,205,3350,27,13.84380192820595,122,1354,3.961428934090101,2522,0.045,8,88035,https://openalex.org/A5020677883,1
"van der Heijden, Marcel G.A.",Universität Zürich,che,179,5946,32,13.89155156700528,90,3587,3.953949340976133,4404,0.0303,9,88035,https://openalex.org/A5053031318,21
"Pretty, Jules N.","Essex County Council, United Kingdom",gbr,199,2647,20,12.22365821163775,143,1454,3.950000325892495,2430,0.016,10,88035,https://openalex.org/A5070319534,1
"Blanco-Canqui, Humberto",University of Nebraska–Lincoln,usa,167,1524,19,12.9468253968254,113,1319,3.897952370069881,1160,0.0558,11,88035,,01
"Six, Johan W.",ETH Zürich,che,477,6799,37,16.53305139859132,212,3717,3.894144601826168,4613,0.05860000000000001,12,88035,,01
"Sinsabaugh, Robert L.",The University of New Mexico,usa,151,2884,21,11.59709595959596,85,1571,3.871789196360019,1590,0.0316,13,88035,,01
"Marschner, Petra",The University of Adelaide,aus,287,1743,18,11.16186371100164,199,1187,3.835405828979801,1554,0.0279,14,88035,,01
"Altieri, Miguel Angel","Department of Environmental Science, Policy, and Management",usa,169,1341,18,11.54375,142,1160,3.804417159697931,1073,0.0169,15,88035,,01
"Barbedo, Jayme G.A.",Embrapa Agricultura Digital,bra,70,925,16,11.45882352941176,55,824,3.77471085143483,787,0.0232,16,88035,,01
"Thornton, Philip K.",International Livestock Research Institute Nairobi,ken,214,2810,27,10.98037569540067,99,834,3.773683830247096,2358,0.0478,17,88035,,01
"Brookes, Philip Charles",Rothamsted Research,gbr,275,5095,27,12.89889277389277,124,1494,3.771169731725567,3987,0.0234,18,88035,,01
"Liang, Chao","Institute of Applied Ecology, Chinese Academy of Sciences",chn,166,3025,27,10.78372044622045,58,1505,3.760264782649096,1622,0.1026,19,88035,,0
"Panagos, Panos",European Commission Joint Research Centre,bel,216,3921,32,12.21058757164283,111,2404,3.755346939120489,2592,0.1019,20,88035,,01
"Turner, Benjamin L.",Gyeongsang National University,kor,351,2939,26,12.9268469785575,147,1020,3.748748761714072,2323,0.1195,21,88035,,01
"Giller, Ken E.",Wageningen University & Research,nld,474,2625,25,10.8531074317839,353,1915,3.741400295871611,2144,0.0517,22,88035,,01
"Etesami, Hassan",University of Tehran,irn,133,1421,18,11.89444444444444,76,1018,3.733771313229778,1198,0.08380000000000001,23,88035,,01
"Joergensen, Rainer Georg",Universität Kassel,deu,293,1659,19,10.22738095238095,185,1108,3.71968019227214,1226,0.0809,24,88035,,01
"Cerdà, A.",Universitat de València,esp,381,3050,26,10.86811927578348,214,1536,3.698972642809425,2479,0.0876,25,88035,,01
"Chauhan, Bhagirath Singh",The University of Queensland,aus,458,1844,17,11.54265873015873,383,1550,3.690643766249757,1329,0.0663,26,88035,,01
"Rengel, Z.",The University of Western Australia,aus,565,2951,23,12.95161962220785,293,1275,3.684066232020363,2495,0.06849999999999999,27,88035,,01
"Bremner, John M.",Iowa State University,usa,163,1207,13,11.0,182,1196,3.682764293969462,1121,0.0,28,88035,a5072939972,2
"McBratney, Alex B.",The University of Sydney,aus,490,4303,33,15.31400042627877,272,2229,3.678536513871032,2860,0.07440000000000001,29,88035,https://openalex.org/A5049220423,21
"Frey, Serita D.",University of New Hampshire Durham,usa,156,2883,28,10.57132417833764,54,676,3.659235847162294,2065,0.0848,30,88035,https://openalex.org/A5022401188,1
"Fageria, Nanda Kumar",Embrapa Arroz e Feijão,bra,228,1009,16,9.95,208,911,3.633538431223407,893,0.0204,31,88035,,0
"Cassman, Kenneth G.",University of Nebraska–Lincoln,usa,196,2791,25,11.19863506376664,94,1167,3.627849199753126,2303,0.0452,32,88035,https://openalex.org/A5051973791,1
"Klerkx, Laurens W.A.",Universidad de Talca,chl,185,2212,21,11.82619047619048,90,1225,3.626122878934035,1462,0.0721,33,88035,https://openalex.org/A5029868613,21
"Damalas, Christos Asterios",Democritus University of Thrace,grc,193,1445,18,11.43333333333333,116,1114,3.610388086741019,1136,0.0605,34,88035,https://openalex.org/A5017894818,1
"Batjes, Niels H.",ISRIC - World Soil Information,nld,75,1885,17,7.76134580099401,44,570,3.609064232469676,1601,0.0499,35,88035,https://openalex.org/A5078952063,1
"Zhang, Fusuo",China Agricultural University,chn,938,8735,39,16.4030808628786,472,4380,3.597530089260533,5939,0.1025,36,88035,https://openalex.org/A5041917108,21
"Minasny, Budiman B.",The University of Sydney,aus,429,3898,30,14.49911063770477,166,1516,3.595129680939358,2504,0.0966,37,88035,https://openalex.org/A5051455406,1
"Bååth, Erland",Lunds Universitet,swe,210,2007,20,12.675,142,1214,3.57069857364355,1527,0.0309,38,88035,https://openalex.org/A5063337030,1
"Franzluebbers, Alan J.",USDA ARS North Carolina State University,usa,275,1169,15,9.894929558745346,190,669,3.568942053743866,956,0.1334,39,88035,https://openalex.org/A5038719083,1
"Montanarella, Luca",European Commission,bel,178,2831,29,9.003530922044387,87,1030,3.566102734459033,2262,0.0808,40,88035,https://openalex.org/A5083657465,1
"Paustian, Keith H.",Colorado State University,usa,264,3330,26,10.87445235213778,129,1814,3.559995807883901,2298,0.0491,41,88035,https://openalex.org/A5024685127,1
"Spohn, Marie",Sveriges lantbruksuniversitet,swe,88,1045,17,11.82370879993999,64,910,3.558817460727162,849,0.0619,42,88035,https://openalex.org/A5015497931,1
"Kleber, Markus",Oregon State University,usa,110,2944,21,8.884065934065935,52,1633,3.55787385080877,2220,0.029,43,88035,https://openalex.org/A5044387544,1
"Siddique, Kadambot H.m.",The University of Western Australia,aus,1005,8373,39,17.95210394610548,492,4055,3.553171935147908,6833,0.101,44,88035,https://openalex.org/A5082109205,21
"Tittonell, Pablo Adrián",Rijksuniversiteit Groningen,nld,189,1425,19,8.823056573056574,110,823,3.531248616969286,1208,0.0789,45,88035,https://openalex.org/A5047824078,1
"Viscarra Rossel, Raphael A.",CSIRO Land and Water,aus,169,1647,19,10.67388074888075,87,901,3.530784856981682,985,0.1145,46,88035,https://openalex.org/A5065952924,21
"Glaser, Bruno",Martin-Luther-Universität Halle-Wittenberg,deu,239,1818,20,10.76194083694083,101,1099,3.523053235073956,1497,0.0924,47,88035,https://openalex.org/A5027366737,1
"Scheu, Stefan",Georg-August-Universität Göttingen,deu,648,3097,20,10.32394212318794,315,1147,3.513646461349521,2227,0.2097,48,88035,https://openalex.org/A5030386075,21
"Turner, Neil Clifford",The University of Western Australia,aus,228,1260,16,10.18438513576128,94,525,3.505301687809651,1075,0.08560000000000001,49,88035,https://openalex.org/A5086215052,1
"Spokas, Kurt A.",USDA Agricultural Research Service,usa,154,1396,19,7.808044733044732,60,635,3.504490416119155,1120,0.0405,50,88035,https://openalex.org/A5033429533,1
"Herrero, Mario",Cornell University,usa,256,6990,37,11.61936944043785,86,1475,3.500223316402043,5695,0.0571,51,88035,https://openalex.org/A5013702236,1
"Laird, David A.",Iowa State University,usa,162,1381,18,11.28333333333333,73,559,3.49739077894894,1163,0.0254,52,88035,https://openalex.org/A5043034061,1
"Haynes, Richard John",The University of Queensland,aus,200,728,12,10.03333333333333,155,609,3.483343551302292,661,0.0149,53,88035,https://openalex.org/A5103266449,1
"Robertson, G. Philip",Michigan State University,usa,246,1931,20,10.76230107893127,151,1016,3.4820419436411,1661,0.0904,54,88035,https://openalex.org/A5049194901,1
"Kirkham, Mary Beth",Kansas State University,usa,253,3046,32,8.831103412411458,129,658,3.481955249119893,2852,0.0564,55,88035,https://openalex.org/A5008744466,1
"Jenkinson, David S.",Rothamsted Research,gbr,105,2002,15,7.817857142857141,99,1950,3.463832393957663,1545,0.009899999999999999,56,88035,a5109394371,2
"El Bilali, Hamid",Istituto Agronomico Mediterraneo di Bari,ita,110,953,14,9.687301587301588,58,738,3.461366568547314,869,0.0984,57,88035,https://openalex.org/A5052089656,1
"Sadras, Víctor Oscar",The University of Adelaide,aus,313,1222,14,10.28611111111111,209,743,3.440475239959401,923,0.1364,58,88035,https://openalex.org/A5043175742,21
"Schwertmann, Udo",Technische Universität München,deu,179,821,13,9.191666666666666,161,701,3.437002467032027,607,0.0036,59,88035,a5019789573,2
"Kopittke, Peter Martin",The University of Queensland,aus,230,1921,19,9.55796760710554,133,1175,3.43366002608078,1668,0.0874,60,88035,https://openalex.org/A5000563634,1
"Pathak, Himanshu K.",Govind Ballabh Pant University of Agriculture and Technology,ind,259,1710,19,8.927238916054705,130,898,3.427612909777597,1462,0.1158,61,88035,https://openalex.org/A5075416931,1
"Wallenstein, Matthew David",Colorado State University,usa,107,2641,25,10.97179754942913,53,972,3.426022532294112,2178,0.0333,62,88035,https://openalex.org/A5009629036,1
"McGrath, Steve P.",Rothamsted Research,gbr,380,2692,24,10.91745974613621,166,1106,3.425451768365059,2011,0.0604,63,88035,https://openalex.org/A5037311049,1
"Cotrufo, Maria Francesca",Colorado State University,usa,178,3306,24,10.5513875013875,113,2646,3.425424047320969,2149,0.07629999999999999,64,88035,https://openalex.org/A5047113086,1
"Hinsinger, Philippe",INRAE,fra,110,1038,16,6.765811965811968,59,610,3.424535290239513,924,0.038,65,88035,https://openalex.org/A5090455091,1
"Pereira, Luis S.","Linking Landscape, Environment, Agriculture And Food",prt,267,1487,18,9.945331465919699,215,1030,3.421020677485534,1104,0.1551,66,88035,https://openalex.org/A5078072128,1
"Li, Daoliang",China Agricultural University,chn,517,2324,24,11.90992063492063,276,1416,3.419718506011749,1895,0.053,67,88035,https://openalex.org/A5100375959,21
"Hartemink, Alfred Eduard",University of Wisconsin-Madison,usa,173,1248,17,9.37689712248536,110,767,3.414411203276682,1069,0.0857,68,88035,https://openalex.org/A5013987545,21
"Chenu, Claire C.",AgroParisTech,fra,214,2523,23,10.37629599854632,95,865,3.413574727389995,2069,0.09570000000000001,69,88035,https://openalex.org/A5033534952,1
"Richardson, Alan E.",Commonwealth Scientific and Industrial Research Organisation,aus,157,1545,18,7.383132790981626,67,923,3.412173804348569,1290,0.0386,70,88035,a5063421730,2
"Miransari, Mohammad",AbtinBerkeh Scientific Ltd. Company,irn,151,573,13,9.816666666666668,146,566,3.406363833273946,492,0.0069,71,88035,https://openalex.org/A5063262866,1
"Erenstein, Olaf",Centro Internacional de Mejoramiento de Maiz y Trigo,mex,124,1322,15,7.975036075036076,95,1148,3.403588935647799,1178,0.0357,72,88035,https://openalex.org/A5068049825,1
"Meena, Ram Swaroop",Banaras Hindu University,ind,263,1685,22,11.13046953046953,99,612,3.401113052112273,1135,0.1407,73,88035,https://openalex.org/A5080095234,1
"Rasul, Golam",International University of Business Agriculture and Technology,bgd,64,673,13,8.071825396825396,44,528,3.396065704935411,603,0.0146,74,88035,https://openalex.org/A5073274858,1
"Lavelle, Patrick",IRD Institut de Recherche pour le Developpement,fra,242,1123,16,8.902076079485244,151,665,3.391841735090804,783,0.1199,75,88035,https://openalex.org/A5061640430,1
"Goulding, Keith W.T.",Rothamsted Research,gbr,203,1825,19,6.874636414218294,79,587,3.390139911787003,1566,0.0866,76,88035,https://openalex.org/A5047915025,1
"Sharpley, Andrew N.",University of Arkansas,usa,359,1281,15,8.397161172161171,207,562,3.38084673692908,902,0.0295,77,88035,https://openalex.org/A5056098740,1
"Kirschbaum, Miko Uwe Franz",Manaaki Whenua – Landcare Research,nzl,132,813,14,9.026837928153716,68,318,3.377986648146092,732,0.1095,78,88035,https://openalex.org/A5002687656,1
"Frouz, Jan","Univerzita Karlova, Ústav pro Životní Prostředí",cze,302,1174,16,7.69351470816211,223,595,3.375698625616567,904,0.159,79,88035,https://openalex.org/A5089910448,1
"Liang, Yongchao",Zhejiang University,chn,209,1499,18,9.498856698856697,128,908,3.373249329057771,1207,0.0602,80,88035,https://openalex.org/A5001082934,1
"Williams, Jimmy R.",Texas A&M University,usa,192,1296,14,7.730322128851541,92,929,3.369180529959524,1073,0.0321,81,88035,,01
"Heuvelink, Gerard B.M.",ISRIC - World Soil Information,nld,231,2569,22,10.14772112991927,90,480,3.361981652607965,1946,0.0776,82,88035,https://openalex.org/A5011620756,21
"Elliott, Edward T.",Colorado State University,usa,82,1147,16,7.903968253968253,29,376,3.359730496195813,891,0.0129,83,88035,a5112791517,2
"Piccolo, Alessandro",Università degli Studi di Napoli Federico II,ita,335,1354,14,8.69338341397165,224,890,3.359535925513518,1007,0.1452,84,88035,https://openalex.org/A5066790773,1
"Tabatabai, Malit Ali",Iowa State University,usa,191,1009,12,8.916666666666668,177,991,3.355371456107139,749,0.0088,85,88035,a5075501651,2
"van Zwieten, Lukas",NSW Department of Primary Industries,aus,208,2671,26,9.218582873381635,56,623,3.353678158203032,2117,0.09759999999999999,86,88035,https://openalex.org/A5021650869,1
"Sanderman, Jonathan",Woodwell Climate Research Center,usa,120,2330,22,7.752792829458789,45,506,3.352689558140245,1863,0.0706,87,88035,https://openalex.org/A5022853382,1
"Ferris, Howard","University of California, Davis",usa,119,941,14,8.276424963924963,61,530,3.350385505713772,479,0.059,88,88035,a5103596717,2
"Rumpel, Cornelia",Sorbonne Université,fra,253,2220,22,9.824124069690573,105,852,3.345139404034423,1845,0.0692,89,88035,https://openalex.org/A5011618614,1
"Paul, Eldora A.",Colorado State University,usa,168,1307,14,7.386601307189543,113,719,3.34478102680212,1158,0.029,90,88035,,0
"Knicker, Heike Elisabeth",CSIC - Instituto de la Grasa (IG),esp,262,1042,15,8.933659680088251,102,456,3.343952825685843,837,0.08109999999999999,91,88035,https://openalex.org/A5013681875,1
"Leifeld, Jens",Agroscope,che,166,1562,16,8.816894167347888,82,463,3.34162196484575,1285,0.0849,92,88035,https://openalex.org/A5078135225,1
"Oenema, Oene",China Agricultural University,chn,302,2236,25,10.08465011690818,154,918,3.34028057436878,1765,0.081,93,88035,https://openalex.org/A5061297410,21
"Rousk, Johannes",Lunds Universitet,swe,135,1976,21,10.96067323481117,84,1508,3.339605895185723,1575,0.07919999999999999,94,88035,https://openalex.org/A5001792362,1
"Nearing, Mark A.",USDA Agricultural Research Service,usa,210,1161,16,9.387416794674857,95,632,3.338932851364953,799,0.069,95,88035,a5027515270,2
"Makowski, David",Université Paris-Saclay,fra,241,1890,22,10.44635186450976,100,681,3.332375710211762,1612,0.1085,96,88035,https://openalex.org/A5018063298,21
"Doran, John Walsh",Soil Science Society of America,usa,130,1018,14,7.899999999999999,76,717,3.33104080851934,861,0.0029,97,88035,a5111532316,2
"Bonkowski, M.",Universität zu Köln,deu,248,1769,20,8.905800379538153,87,465,3.326073488426686,1303,0.1181,98,88035,https://openalex.org/A5040570877,21
"Amelung, Wulf",Universität Bonn,deu,356,3202,22,10.25548524101874,178,1555,3.321554362621888,2660,0.09269999999999999,99,88035,https://openalex.org/A5050101626,1
"Richards, Richards A.",Commonwealth Scientific and Industrial Research Organisation,aus,135,900,15,8.978968253968256,76,482,3.320465118880723,673,0.0779,100,88035,,0
